<?xml version="1.0" encoding="UTF-8" standalone="yes"?>
<manifest>
  <control namespace="Manny" constructor="ActionCards" version="0.0.14" display-name-key="Action Cards" description-key="A visual overview of user actions against a record in the form of a cards based timeline." control-type="standard" preview-image="data/actioncards.png" api-version="1.3.5">
    <external-service-usage enabled="false"/>
    <property name="name" display-name-key="Name" description-key="The name field of the entity" of-type="SingleLine.Text" usage="bound" required="true"/>
    <property name="plainRearSide" display-name-key="Plain Rear Side" description-key="Should the background of card rear side be plain" of-type="TwoOptions" usage="input" required="false"/>
    <resources>
      <code path="bundle.js" order="1"/>
      <css path="App.css" order="1"/>
      <css path="components/Action/Action.styles.css" order="2"/>
      <css path="components/Timeline/Timeline.styles.css" order="2"/>
      <css path="components/User/User.styles.css" order="2"/>
    </resources>
    <feature-usage>
      <uses-feature name="Utility" required="true"/>
      <uses-feature name="WebAPI" required="true"/>
    </feature-usage>
    <built-by name="pac" version="1.22.2"/>
  </control>
</manifest>