<?xml version="1.0" encoding="UTF-8" standalone="yes"?>
<manifest>
  <control namespace="Manny" constructor="ReactExpandableToggles" version="1.0.3" display-name-key="React-Expandable-Toggles" description-key="This control helps rendering an associated many to many entity in the form of an expandable list of toggles. It speeds up associating the records and user can read the description of what they are about to select." control-type="virtual" api-version="1.3.5">
    <external-service-usage enabled="false"/>
    <property name="value" display-name-key="Lookup_field" description-key="The lookup field" of-type="Lookup.Simple" usage="bound" required="true"/>
    <property name="config_entity_name" display-name-key="Configuration_Entity_Name" description-key="Name of the configuration entity that contains master data" of-type="SingleLine.Text" usage="input" required="true"/>
    <property name="config_nn_relationship_name" display-name-key="Configuration_NN_Relationship_Name" description-key="Schema name of the many to many relationship" of-type="SingleLine.Text" usage="input" required="true"/>
    <property name="config_entity_fieldname" display-name-key="Configuration_Entity_Field_Name" description-key="Name of the field inside config entity that contains master data" of-type="SingleLine.Text" usage="input" required="true"/>
    <property name="config_entity_idfieldname" display-name-key="Configuration_Entity_Id_Field_Name" description-key="Name of the ID field for the config entity" of-type="SingleLine.Text" usage="input" required="true"/>
    <property name="config_entity_desc_fieldname" display-name-key="Configuration_Entity_Desc_Field_Name" description-key="Name of the field inside config entity that contains description data" of-type="SingleLine.Text" usage="input" required="true"/>
    <resources>
      <code path="bundle.js" order="1"/>
      <platform-library name="React" version="16.8.6"/>
      <platform-library name="Fluent" version="8.29.0"/>
      <css path="styles/RadioListControl.css" order="1"/>
    </resources>
    <feature-usage>
      <uses-feature name="Utility" required="true"/>
      <uses-feature name="WebAPI" required="true"/>
    </feature-usage>
    <built-by name="pac" version="1.22.2"/>
  </control>
</manifest>